,timeline,next_cursor
0,"{'type': 'tweet', 'tweet_id': '1780273158563516903', 'screen_name': 'TheBTCTherapist', 'bookmarks': 55, 'favorites': 415, 'created_at': 'Tue Apr 16 16:32:51 +0000 2024', 'text': 'Michael Saylor explains why fiat currency and inflation is the silent theft of your money. \n\nMost people have no idea that they are being stolen from by their governments every day. \n\nIf you own #Bitcoin you are protected. \n\nhttps://t.co/pE0oqBeZRe', 'lang': 'en', 'quotes': 2, 'replies': 33, 'retweets': 82, 'views': '12679', 'entities': {'media': [{'display_url': 'pic.twitter.com/pE0oqBeZRe', 'expanded_url': 'https://twitter.com/TheBTCTherapist/status/1650574621542866969/video/1', 'id_str': '1650574549035933703', 'indices': [225, 248], 'media_key': '13_1650574549035933703', 'media_url_https': 'https://pbs.twimg.com/amplify_video_thumb/1650574549035933703/img/m1dqS0HGeDfPlauV.jpg', 'source_status_id_str': '1650574621542866969', 'source_user_id_str': '1415064893628297217', 'type': 'video', 'url': 'https://t.co/pE0oqBeZRe', 'additional_media_info': {'monetizable': False, 'source_user': {'user_results': {'result': {'__typename': 'User', 'id': 'VXNlcjoxNDE1MDY0ODkzNjI4Mjk3MjE3', 'rest_id': '1415064893628297217', 'affiliates_highlighted_label': [], 'has_graduated_access': True, 'is_blue_verified': True, 'profile_image_shape': 'Circle', 'legacy': {'can_dm': True, 'can_media_tag': True, 'created_at': 'Tue Jul 13 21:46:59 +0000 2021', 'default_profile': True, 'default_profile_image': False, 'description': 'Follow me down the rabbit hole. #Bitcoin', 'entities': {'description': {'urls': []}, 'url': {'urls': [{'display_url': 'btctherapy.io/subscribe', 'expanded_url': 'http://btctherapy.io/subscribe', 'url': 'https://t.co/7rUeOM11MR', 'indices': [0, 23]}]}}, 'fast_followers_count': 0, 'favourites_count': 24508, 'followers_count': 96371, 'friends_count': 695, 'has_custom_timelines': False, 'is_translator': False, 'listed_count': 672, 'location': 'The #1 Bitcoin Newsletter üëâ', 'media_count': 4752, 'name': 'The ‚Çøitcoin Therapist', 'normal_followers_count': 96371, 'pinned_tweet_ids_str': ['1479849762455269380'], 'possibly_sensitive': False, 'profile_banner_url': 'https://pbs.twimg.com/profile_banners/1415064893628297217/1701524014', 'profile_image_url_https': 'https://pbs.twimg.com/profile_images/1620979330288439296/pIFd9Ai7_normal.jpg', 'profile_interstitial_type': '', 'screen_name': 'TheBTCTherapist', 'statuses_count': 16832, 'translator_type': 'none', 'url': 'https://t.co/7rUeOM11MR', 'verified': False, 'want_retweets': False, 'withheld_in_countries': []}}}}}, 'ext_media_availability': {'status': 'Available'}, 'sizes': {'large': {'h': 488, 'w': 872, 'resize': 'fit'}, 'medium': {'h': 488, 'w': 872, 'resize': 'fit'}, 'small': {'h': 381, 'w': 680, 'resize': 'fit'}, 'thumb': {'h': 150, 'w': 150, 'resize': 'crop'}}, 'original_info': {'height': 488, 'width': 872, 'focus_rects': []}, 'video_info': {'aspect_ratio': [109, 61], 'duration_millis': 55141, 'variants': [{'content_type': 'application/x-mpegURL', 'url': 'https://video.twimg.com/amplify_video/1650574549035933703/pl/_HFN1JZED5yKlcrq.m3u8?tag=16&container=cmaf&v=7c0'}, {'bitrate': 288000, 'content_type': 'video/mp4', 'url': 'https://video.twimg.com/amplify_video/1650574549035933703/vid/482x270/H5yzrnK4BaGmT5EG.mp4?tag=16'}, {'bitrate': 832000, 'content_type': 'video/mp4', 'url': 'https://video.twimg.com/amplify_video/1650574549035933703/vid/642x360/nBrv7H2ZsEtI4NXs.mp4?tag=16'}, {'bitrate': 2176000, 'content_type': 'video/mp4', 'url': 'https://video.twimg.com/amplify_video/1650574549035933703/vid/872x488/gk_OCiUsUhNOwe-H.mp4?tag=16'}]}}], 'user_mentions': [], 'urls': [], 'hashtags': [{'indices': [195, 203], 'text': 'Bitcoin'}], 'symbols': []}, 'user_info': {'screen_name': 'TheBTCTherapist', 'name': 'The ‚Çøitcoin Therapist', 'rest_id': '1415064893628297217', 'followers_count': 96371, 'favourites_count': 24508, 'avatar': 'https://pbs.twimg.com/profile_images/1620979330288439296/pIFd9Ai7_normal.jpg', 'verified': False, 'friends_count': 695}, 'media': {'video': [{'media_url_https': 'https://pbs.twimg.com/amplify_video_thumb/1650574549035933703/img/m1dqS0HGeDfPlauV.jpg', 'variants': [{'content_type': 'application/x-mpegURL', 'url': 'https://video.twimg.com/amplify_video/1650574549035933703/pl/_HFN1JZED5yKlcrq.m3u8?tag=16&container=cmaf&v=7c0'}, {'bitrate': 288000, 'content_type': 'video/mp4', 'url': 'https://video.twimg.com/amplify_video/1650574549035933703/vid/482x270/H5yzrnK4BaGmT5EG.mp4?tag=16'}, {'bitrate': 832000, 'content_type': 'video/mp4', 'url': 'https://video.twimg.com/amplify_video/1650574549035933703/vid/642x360/nBrv7H2ZsEtI4NXs.mp4?tag=16'}, {'bitrate': 2176000, 'content_type': 'video/mp4', 'url': 'https://video.twimg.com/amplify_video/1650574549035933703/vid/872x488/gk_OCiUsUhNOwe-H.mp4?tag=16'}], 'aspect_ratio': [109, 61], 'original_info': {'height': 488, 'width': 872, 'focus_rects': []}, 'id': '1650574549035933703'}]}}",DAACCgACGKygYwgAJxAKAAMYrKBjB_-x4AgABAAAAAILAAUAAAGoRW1QQzZ3QUFBZlEvZ0dKTjB2R3AvQUFBQUNVWXRObk9LVmNnc1Jpc25MN1BsNUdKR0t4U2IzTVhvTGdZdE5nUzNkWXc3aGkwM1JNTEZsRGZHTFMrS2VPV1Fia1lySWk2Zk5hQlJoaXNsK3JQVjRESkdLeWUra2tYSU1RWXRObVFtVmVBaXhpMHNsWnJsb0Z4R0t4SDV1b1dJTDBZcko0UHA5YWh6Qmlza0lycGxzRTZHTFRaNDdmWDBXa1l0TXRaSVJkUlh4aTB6UUZqVjFIbkdLeWJSeW5YQUo4WXROMFhZOWR4b3hpMHVvNW5scEhQR0t5VFNrL2FnYWNZdE5JS2NCZFJCaGkwMXcwblY1RW1HS3lHblVsWGtZWVl0TmMyMVpkZzN4aTAxWHRqbDhCUkdLeWFicXZXWU9JWXRNVjhuWlpRMXhpc2tkaEQxMkZ1R0xUY3hGUldNQVVZcklDTk05cmgvQmkwenpOL2w0RWFHS3lGVmk0V0lFZ1l0TE9sZHR0eDhSaTB6cmRRbDJCbkdLeWQ5V0lYRUJ3WXJKSHRMZGR4K0E9PQgABgAAAAAIAAcAAAABDAAICgABGLSyVmuWgXEAAAA
1,"{'type': 'tweet', 'tweet_id': '1780290845247238563', 'screen_name': 'ExtraordinalBTC', 'bookmarks': 0, 'favorites': 20, 'created_at': 'Tue Apr 16 17:43:08 +0000 2024', 'text': ""Rules don't define us; we define the rules.\n\nLet's put the DMT mechanics into play, shall we? The block with highest vote will reveal your destiny.\n\nChoose wisely"", 'lang': 'en', 'quotes': 0, 'replies': 1, 'retweets': 6, 'views': '251', 'entities': {'user_mentions': [], 'urls': [], 'hashtags': [], 'symbols': []}, 'user_info': {'screen_name': 'ExtraordinalBTC', 'name': 'ExtraOrdinals', 'rest_id': '1623491640559128576', 'followers_count': 29398, 'favourites_count': 1633, 'avatar': 'https://pbs.twimg.com/profile_images/1750836825776676864/2Qx9aYS6_normal.jpg', 'verified': False, 'friends_count': 53}, 'media': []}",DAACCgACGKygYwgAJxAKAAMYrKBjB_-x4AgABAAAAAILAAUAAAGoRW1QQzZ3QUFBZlEvZ0dKTjB2R3AvQUFBQUNVWXRObk9LVmNnc1Jpc25MN1BsNUdKR0t4U2IzTVhvTGdZdE5nUzNkWXc3aGkwM1JNTEZsRGZHTFMrS2VPV1Fia1lySWk2Zk5hQlJoaXNsK3JQVjRESkdLeWUra2tYSU1RWXRObVFtVmVBaXhpMHNsWnJsb0Z4R0t4SDV1b1dJTDBZcko0UHA5YWh6Qmlza0lycGxzRTZHTFRaNDdmWDBXa1l0TXRaSVJkUlh4aTB6UUZqVjFIbkdLeWJSeW5YQUo4WXROMFhZOWR4b3hpMHVvNW5scEhQR0t5VFNrL2FnYWNZdE5JS2NCZFJCaGkwMXcwblY1RW1HS3lHblVsWGtZWVl0TmMyMVpkZzN4aTAxWHRqbDhCUkdLeWFicXZXWU9JWXRNVjhuWlpRMXhpc2tkaEQxMkZ1R0xUY3hGUldNQVVZcklDTk05cmgvQmkwenpOL2w0RWFHS3lGVmk0V0lFZ1l0TE9sZHR0eDhSaTB6cmRRbDJCbkdLeWQ5V0lYRUJ3WXJKSHRMZGR4K0E9PQgABgAAAAAIAAcAAAABDAAICgABGLSyVmuWgXEAAAA
2,"{'type': 'tweet', 'tweet_id': '1780275572809105690', 'screen_name': 'follis_', 'bookmarks': 6, 'favorites': 295, 'created_at': 'Tue Apr 16 16:42:27 +0000 2024', 'text': ""$BTC down, sentiment down, so I'm giving away my ad revenue until the vibes improve üí∏\n\nJust follow, repost, and comment what altcoin you are buying on this fire sale\n\nWinner of $116 announced in 24h, good luck üéâ"", 'lang': 'en', 'quotes': 3, 'replies': 218, 'retweets': 201, 'views': '12988', 'entities': {'media': [{'display_url': 'pic.twitter.com/AIUk32FqTa', 'expanded_url': 'https://twitter.com/follis_/status/1780275572809105690/photo/1', 'id_str': '1780046327096672256', 'indices': [212, 235], 'media_key': '3_1780046327096672256', 'media_url_https': 'https://pbs.twimg.com/media/GLP-tBJWAAAy0TL.jpg', 'type': 'photo', 'url': 'https://t.co/AIUk32FqTa', 'ext_media_availability': {'status': 'Available'}, 'features': {'large': {'faces': []}, 'medium': {'faces': []}, 'small': {'faces': []}, 'orig': {'faces': []}}, 'sizes': {'large': {'h': 1300, 'w': 2048, 'resize': 'fit'}, 'medium': {'h': 762, 'w': 1200, 'resize': 'fit'}, 'small': {'h': 432, 'w': 680, 'resize': 'fit'}, 'thumb': {'h': 150, 'w': 150, 'resize': 'crop'}}, 'original_info': {'height': 1576, 'width': 2482, 'focus_rects': [{'x': 0, 'y': 186, 'w': 2482, 'h': 1390}, {'x': 0, 'y': 0, 'w': 1576, 'h': 1576}, {'x': 0, 'y': 0, 'w': 1382, 'h': 1576}, {'x': 0, 'y': 0, 'w': 788, 'h': 1576}, {'x': 0, 'y': 0, 'w': 2482, 'h': 1576}]}}], 'user_mentions': [], 'urls': [], 'hashtags': [], 'symbols': [{'indices': [0, 4], 'text': 'BTC'}]}, 'user_info': {'screen_name': 'follis_', 'name': '„Éï „Ç© „É™ „Çπ', 'rest_id': '1362110938598567944', 'followers_count': 79015, 'favourites_count': 101305, 'avatar': 'https://pbs.twimg.com/profile_images/1749913334185345024/C6XmDJdt_normal.jpg', 'verified': False, 'friends_count': 497}, 'media': {'photo': [{'media_url_https': 'https://pbs.twimg.com/media/GLP-tBJWAAAy0TL.jpg', 'id': '1780046327096672256'}]}}",DAACCgACGKygYwgAJxAKAAMYrKBjB_-x4AgABAAAAAILAAUAAAGoRW1QQzZ3QUFBZlEvZ0dKTjB2R3AvQUFBQUNVWXRObk9LVmNnc1Jpc25MN1BsNUdKR0t4U2IzTVhvTGdZdE5nUzNkWXc3aGkwM1JNTEZsRGZHTFMrS2VPV1Fia1lySWk2Zk5hQlJoaXNsK3JQVjRESkdLeWUra2tYSU1RWXRObVFtVmVBaXhpMHNsWnJsb0Z4R0t4SDV1b1dJTDBZcko0UHA5YWh6Qmlza0lycGxzRTZHTFRaNDdmWDBXa1l0TXRaSVJkUlh4aTB6UUZqVjFIbkdLeWJSeW5YQUo4WXROMFhZOWR4b3hpMHVvNW5scEhQR0t5VFNrL2FnYWNZdE5JS2NCZFJCaGkwMXcwblY1RW1HS3lHblVsWGtZWVl0TmMyMVpkZzN4aTAxWHRqbDhCUkdLeWFicXZXWU9JWXRNVjhuWlpRMXhpc2tkaEQxMkZ1R0xUY3hGUldNQVVZcklDTk05cmgvQmkwenpOL2w0RWFHS3lGVmk0V0lFZ1l0TE9sZHR0eDhSaTB6cmRRbDJCbkdLeWQ5V0lYRUJ3WXJKSHRMZGR4K0E9PQgABgAAAAAIAAcAAAABDAAICgABGLSyVmuWgXEAAAA
3,"{'type': 'tweet', 'tweet_id': '1780290826578317535', 'screen_name': 'lior_eth', 'bookmarks': 0, 'favorites': 9, 'created_at': 'Tue Apr 16 17:43:03 +0000 2024', 'text': 'The @MH_Inscriptions (and everything else we put out on BTC) will be a top 5 collection in Ordinals. https://t.co/XiCgoK420F', 'lang': 'en', 'quotes': 0, 'replies': 1, 'retweets': 5, 'views': '50', 'entities': {'media': [{'display_url': 'pic.twitter.com/XiCgoK420F', 'expanded_url': 'https://twitter.com/lior_eth/status/1780290826578317535/photo/1', 'id_str': '1780290818097524736', 'indices': [101, 124], 'media_key': '3_1780290818097524736', 'media_url_https': 'https://pbs.twimg.com/media/GLTdERGXsAAEL6N.jpg', 'type': 'photo', 'url': 'https://t.co/XiCgoK420F', 'ext_media_availability': {'status': 'Available'}, 'features': {'large': {'faces': []}, 'medium': {'faces': []}, 'small': {'faces': []}, 'orig': {'faces': []}}, 'sizes': {'large': {'h': 605, 'w': 1685, 'resize': 'fit'}, 'medium': {'h': 431, 'w': 1200, 'resize': 'fit'}, 'small': {'h': 244, 'w': 680, 'resize': 'fit'}, 'thumb': {'h': 150, 'w': 150, 'resize': 'crop'}}, 'original_info': {'height': 605, 'width': 1685, 'focus_rects': [{'x': 302, 'y': 0, 'w': 1080, 'h': 605}, {'x': 540, 'y': 0, 'w': 605, 'h': 605}, {'x': 577, 'y': 0, 'w': 531, 'h': 605}, {'x': 691, 'y': 0, 'w': 303, 'h': 605}, {'x': 0, 'y': 0, 'w': 1685, 'h': 605}]}}], 'user_mentions': [{'id_str': '1761070340850233348', 'name': 'Mutant Hounds: Inscriptions', 'screen_name': 'MH_Inscriptions', 'indices': [4, 20]}], 'urls': [], 'hashtags': [], 'symbols': []}, 'user_info': {'screen_name': 'lior_eth', 'name': 'lior.eth', 'rest_id': '951232673296601088', 'followers_count': 55407, 'favourites_count': 26889, 'avatar': 'https://pbs.twimg.com/profile_images/1773358565115191296/bilhhj2__normal.jpg', 'verified': False, 'friends_count': 3747}, 'media': {'photo': [{'media_url_https': 'https://pbs.twimg.com/media/GLTdERGXsAAEL6N.jpg', 'id': '1780290818097524736'}]}}",DAACCgACGKygYwgAJxAKAAMYrKBjB_-x4AgABAAAAAILAAUAAAGoRW1QQzZ3QUFBZlEvZ0dKTjB2R3AvQUFBQUNVWXRObk9LVmNnc1Jpc25MN1BsNUdKR0t4U2IzTVhvTGdZdE5nUzNkWXc3aGkwM1JNTEZsRGZHTFMrS2VPV1Fia1lySWk2Zk5hQlJoaXNsK3JQVjRESkdLeWUra2tYSU1RWXRObVFtVmVBaXhpMHNsWnJsb0Z4R0t4SDV1b1dJTDBZcko0UHA5YWh6Qmlza0lycGxzRTZHTFRaNDdmWDBXa1l0TXRaSVJkUlh4aTB6UUZqVjFIbkdLeWJSeW5YQUo4WXROMFhZOWR4b3hpMHVvNW5scEhQR0t5VFNrL2FnYWNZdE5JS2NCZFJCaGkwMXcwblY1RW1HS3lHblVsWGtZWVl0TmMyMVpkZzN4aTAxWHRqbDhCUkdLeWFicXZXWU9JWXRNVjhuWlpRMXhpc2tkaEQxMkZ1R0xUY3hGUldNQVVZcklDTk05cmgvQmkwenpOL2w0RWFHS3lGVmk0V0lFZ1l0TE9sZHR0eDhSaTB6cmRRbDJCbkdLeWQ5V0lYRUJ3WXJKSHRMZGR4K0E9PQgABgAAAAAIAAcAAAABDAAICgABGLSyVmuWgXEAAAA
4,"{'type': 'tweet', 'tweet_id': '1780284204212785446', 'screen_name': 'EinsteinBTC1', 'bookmarks': 7, 'favorites': 47, 'created_at': 'Tue Apr 16 17:16:45 +0000 2024', 'text': 'Don‚Äôt  think People realise just what @RFKJToken are building, some\nThe stuff I‚Äôve been let in on is insane!\n\n@GCRClassic  being the biggest holder is one ü§ù \n\nAnd just how close the team\nActually are to the man himself!\n\nTeam in regular talks with Kennedys closest people this surely isn‚Äôt just a meme trust me üíØ \n\nwith 25% of the $RFJK token to burn üî•\n\nPlus a lot of huge things going on in the background, watch this run hard\nSoon as the market sentiment turns üîú\n\nhttps://t.co/mo7Pi6TEk6\n\nhttps://t.co/ifR8O8KBOG', 'lang': 'en', 'quotes': 0, 'replies': 25, 'retweets': 15, 'views': '8630', 'entities': {'media': [{'display_url': 'pic.twitter.com/7typ0pCz8i', 'expanded_url': 'https://twitter.com/EinsteinBTC1/status/1780284204212785446/video/1', 'id_str': '1780281086607548416', 'indices': [278, 301], 'media_key': '13_1780281086607548416', 'media_url_https': 'https://pbs.twimg.com/amplify_video_thumb/1780281086607548416/img/cHbGJ6J2jinKdvwE.jpg', 'type': 'video', 'url': 'https://t.co/7typ0pCz8i', 'additional_media_info': {'monetizable': False}, 'ext_media_availability': {'status': 'Available'}, 'sizes': {'large': {'h': 1080, 'w': 1920, 'resize': 'fit'}, 'medium': {'h': 675, 'w': 1200, 'resize': 'fit'}, 'small': {'h': 383, 'w': 680, 'resize': 'fit'}, 'thumb': {'h': 150, 'w': 150, 'resize': 'crop'}}, 'original_info': {'height': 1080, 'width': 1920, 'focus_rects': []}, 'video_info': {'aspect_ratio': [16, 9], 'duration_millis': 101968, 'variants': [{'content_type': 'application/x-mpegURL', 'url': 'https://video.twimg.com/amplify_video/1780281086607548416/pl/cJz3J84jmSfH0CbP.m3u8?tag=14&container=cmaf'}, {'bitrate': 288000, 'content_type': 'video/mp4', 'url': 'https://video.twimg.com/amplify_video/1780281086607548416/vid/avc1/480x270/OIF5jgjiNZ2tKrmS.mp4?tag=14'}, {'bitrate': 832000, 'content_type': 'video/mp4', 'url': 'https://video.twimg.com/amplify_video/1780281086607548416/vid/avc1/640x360/nZKg66OXC51lbZT2.mp4?tag=14'}, {'bitrate': 2176000, 'content_type': 'video/mp4', 'url': 'https://video.twimg.com/amplify_video/1780281086607548416/vid/avc1/1280x720/JGHO0LvrpCwAWakc.mp4?tag=14'}]}}], 'user_mentions': [{'id_str': '1739692245219954688', 'name': 'RFKJ Token', 'screen_name': 'RFKJToken', 'indices': [38, 48]}, {'id_str': '1484112393361891328', 'name': 'GCR', 'screen_name': 'GCRClassic', 'indices': [110, 121]}], 'urls': [], 'hashtags': [], 'symbols': []}, 'user_info': {'screen_name': 'EinsteinBTC1', 'name': 'Einstein üëë', 'rest_id': '1265925748587556864', 'followers_count': 333756, 'favourites_count': 8028, 'avatar': 'https://pbs.twimg.com/profile_images/1761333161055633408/lx3Z8SHb_normal.jpg', 'verified': False, 'friends_count': 5461}, 'media': {'video': [{'media_url_https': 'https://pbs.twimg.com/amplify_video_thumb/1780281086607548416/img/cHbGJ6J2jinKdvwE.jpg', 'variants': [{'content_type': 'application/x-mpegURL', 'url': 'https://video.twimg.com/amplify_video/1780281086607548416/pl/cJz3J84jmSfH0CbP.m3u8?tag=14&container=cmaf'}, {'bitrate': 288000, 'content_type': 'video/mp4', 'url': 'https://video.twimg.com/amplify_video/1780281086607548416/vid/avc1/480x270/OIF5jgjiNZ2tKrmS.mp4?tag=14'}, {'bitrate': 832000, 'content_type': 'video/mp4', 'url': 'https://video.twimg.com/amplify_video/1780281086607548416/vid/avc1/640x360/nZKg66OXC51lbZT2.mp4?tag=14'}, {'bitrate': 2176000, 'content_type': 'video/mp4', 'url': 'https://video.twimg.com/amplify_video/1780281086607548416/vid/avc1/1280x720/JGHO0LvrpCwAWakc.mp4?tag=14'}], 'aspect_ratio': [16, 9], 'original_info': {'height': 1080, 'width': 1920, 'focus_rects': []}, 'id': '1780281086607548416'}]}}",DAACCgACGKygYwgAJxAKAAMYrKBjB_-x4AgABAAAAAILAAUAAAGoRW1QQzZ3QUFBZlEvZ0dKTjB2R3AvQUFBQUNVWXRObk9LVmNnc1Jpc25MN1BsNUdKR0t4U2IzTVhvTGdZdE5nUzNkWXc3aGkwM1JNTEZsRGZHTFMrS2VPV1Fia1lySWk2Zk5hQlJoaXNsK3JQVjRESkdLeWUra2tYSU1RWXRObVFtVmVBaXhpMHNsWnJsb0Z4R0t4SDV1b1dJTDBZcko0UHA5YWh6Qmlza0lycGxzRTZHTFRaNDdmWDBXa1l0TXRaSVJkUlh4aTB6UUZqVjFIbkdLeWJSeW5YQUo4WXROMFhZOWR4b3hpMHVvNW5scEhQR0t5VFNrL2FnYWNZdE5JS2NCZFJCaGkwMXcwblY1RW1HS3lHblVsWGtZWVl0TmMyMVpkZzN4aTAxWHRqbDhCUkdLeWFicXZXWU9JWXRNVjhuWlpRMXhpc2tkaEQxMkZ1R0xUY3hGUldNQVVZcklDTk05cmgvQmkwenpOL2w0RWFHS3lGVmk0V0lFZ1l0TE9sZHR0eDhSaTB6cmRRbDJCbkdLeWQ5V0lYRUJ3WXJKSHRMZGR4K0E9PQgABgAAAAAIAAcAAAABDAAICgABGLSyVmuWgXEAAAA
5,"{'type': 'tweet', 'tweet_id': '1780286967789355147', 'screen_name': 'BTC_for_Freedom', 'bookmarks': 1, 'favorites': 85, 'created_at': 'Tue Apr 16 17:27:43 +0000 2024', 'text': 'While people are scared someone took 13,500 #bitcoin off Coinbase today üëÄ', 'lang': 'en', 'quotes': 1, 'replies': 15, 'retweets': 16, 'views': '2010', 'entities': {'user_mentions': [], 'urls': [], 'hashtags': [{'indices': [44, 52], 'text': 'bitcoin'}], 'symbols': []}, 'user_info': {'screen_name': 'BTC_for_Freedom', 'name': 'Bitcoin for Freedom', 'rest_id': '1390199742114770947', 'followers_count': 61446, 'favourites_count': 51809, 'avatar': 'https://pbs.twimg.com/profile_images/1560605045015674880/lS3ha1Wt_normal.jpg', 'verified': False, 'friends_count': 757}, 'media': []}",DAACCgACGKygYwgAJxAKAAMYrKBjB_-x4AgABAAAAAILAAUAAAGoRW1QQzZ3QUFBZlEvZ0dKTjB2R3AvQUFBQUNVWXRObk9LVmNnc1Jpc25MN1BsNUdKR0t4U2IzTVhvTGdZdE5nUzNkWXc3aGkwM1JNTEZsRGZHTFMrS2VPV1Fia1lySWk2Zk5hQlJoaXNsK3JQVjRESkdLeWUra2tYSU1RWXRObVFtVmVBaXhpMHNsWnJsb0Z4R0t4SDV1b1dJTDBZcko0UHA5YWh6Qmlza0lycGxzRTZHTFRaNDdmWDBXa1l0TXRaSVJkUlh4aTB6UUZqVjFIbkdLeWJSeW5YQUo4WXROMFhZOWR4b3hpMHVvNW5scEhQR0t5VFNrL2FnYWNZdE5JS2NCZFJCaGkwMXcwblY1RW1HS3lHblVsWGtZWVl0TmMyMVpkZzN4aTAxWHRqbDhCUkdLeWFicXZXWU9JWXRNVjhuWlpRMXhpc2tkaEQxMkZ1R0xUY3hGUldNQVVZcklDTk05cmgvQmkwenpOL2w0RWFHS3lGVmk0V0lFZ1l0TE9sZHR0eDhSaTB6cmRRbDJCbkdLeWQ5V0lYRUJ3WXJKSHRMZGR4K0E9PQgABgAAAAAIAAcAAAABDAAICgABGLSyVmuWgXEAAAA
6,"{'type': 'tweet', 'tweet_id': '1780245275963257329', 'screen_name': 'Tech_Tycoon', 'bookmarks': 37, 'favorites': 263, 'created_at': 'Tue Apr 16 14:42:03 +0000 2024', 'text': '#BTC\n\nLook Closely\n\nToo hard to ignore https://t.co/u7J3nyBdF2', 'lang': 'en', 'quotes': 4, 'replies': 30, 'retweets': 44, 'views': '21288', 'entities': {'media': [{'display_url': 'pic.twitter.com/u7J3nyBdF2', 'expanded_url': 'https://twitter.com/Tech_Tycoon/status/1780245275963257329/photo/1', 'id_str': '1780245272112574464', 'indices': [39, 62], 'media_key': '3_1780245272112574464', 'media_url_https': 'https://pbs.twimg.com/media/GLSzpJFWsAAvyuT.jpg', 'type': 'photo', 'url': 'https://t.co/u7J3nyBdF2', 'ext_media_availability': {'status': 'Available'}, 'features': {'large': {'faces': []}, 'medium': {'faces': []}, 'small': {'faces': []}, 'orig': {'faces': []}}, 'sizes': {'large': {'h': 1024, 'w': 785, 'resize': 'fit'}, 'medium': {'h': 1024, 'w': 785, 'resize': 'fit'}, 'small': {'h': 680, 'w': 521, 'resize': 'fit'}, 'thumb': {'h': 150, 'w': 150, 'resize': 'crop'}}, 'original_info': {'height': 1024, 'width': 785, 'focus_rects': [{'x': 0, 'y': 164, 'w': 785, 'h': 440}, {'x': 0, 'y': 0, 'w': 785, 'h': 785}, {'x': 0, 'y': 0, 'w': 785, 'h': 895}, {'x': 25, 'y': 0, 'w': 512, 'h': 1024}, {'x': 0, 'y': 0, 'w': 785, 'h': 1024}]}}, {'display_url': 'pic.twitter.com/u7J3nyBdF2', 'expanded_url': 'https://twitter.com/Tech_Tycoon/status/1780245275963257329/photo/1', 'id_str': '1780245273261809664', 'indices': [39, 62], 'media_key': '3_1780245273261809664', 'media_url_https': 'https://pbs.twimg.com/media/GLSzpNXWoAArrhH.jpg', 'type': 'photo', 'url': 'https://t.co/u7J3nyBdF2', 'ext_media_availability': {'status': 'Available'}, 'features': {'large': {'faces': []}, 'medium': {'faces': []}, 'small': {'faces': []}, 'orig': {'faces': []}}, 'sizes': {'large': {'h': 1398, 'w': 1080, 'resize': 'fit'}, 'medium': {'h': 1200, 'w': 927, 'resize': 'fit'}, 'small': {'h': 680, 'w': 525, 'resize': 'fit'}, 'thumb': {'h': 150, 'w': 150, 'resize': 'crop'}}, 'original_info': {'height': 1398, 'width': 1080, 'focus_rects': [{'x': 0, 'y': 793, 'w': 1080, 'h': 605}, {'x': 0, 'y': 318, 'w': 1080, 'h': 1080}, {'x': 0, 'y': 167, 'w': 1080, 'h': 1231}, {'x': 381, 'y': 0, 'w': 699, 'h': 1398}, {'x': 0, 'y': 0, 'w': 1080, 'h': 1398}]}}], 'user_mentions': [], 'urls': [], 'hashtags': [{'indices': [0, 4], 'text': 'BTC'}], 'symbols': []}, 'user_info': {'screen_name': 'Tech_Tycoon', 'name': 'Tycoon', 'rest_id': '704569817894768640', 'followers_count': 11194, 'favourites_count': 27507, 'avatar': 'https://pbs.twimg.com/profile_images/1762196000461230081/PGlNlx69_normal.jpg', 'verified': False, 'friends_count': 531}, 'media': {'photo': [{'media_url_https': 'https://pbs.twimg.com/media/GLSzpJFWsAAvyuT.jpg', 'id': '1780245272112574464'}, {'media_url_https': 'https://pbs.twimg.com/media/GLSzpNXWoAArrhH.jpg', 'id': '1780245273261809664'}]}}",DAACCgACGKygYwgAJxAKAAMYrKBjB_-x4AgABAAAAAILAAUAAAGoRW1QQzZ3QUFBZlEvZ0dKTjB2R3AvQUFBQUNVWXRObk9LVmNnc1Jpc25MN1BsNUdKR0t4U2IzTVhvTGdZdE5nUzNkWXc3aGkwM1JNTEZsRGZHTFMrS2VPV1Fia1lySWk2Zk5hQlJoaXNsK3JQVjRESkdLeWUra2tYSU1RWXRObVFtVmVBaXhpMHNsWnJsb0Z4R0t4SDV1b1dJTDBZcko0UHA5YWh6Qmlza0lycGxzRTZHTFRaNDdmWDBXa1l0TXRaSVJkUlh4aTB6UUZqVjFIbkdLeWJSeW5YQUo4WXROMFhZOWR4b3hpMHVvNW5scEhQR0t5VFNrL2FnYWNZdE5JS2NCZFJCaGkwMXcwblY1RW1HS3lHblVsWGtZWVl0TmMyMVpkZzN4aTAxWHRqbDhCUkdLeWFicXZXWU9JWXRNVjhuWlpRMXhpc2tkaEQxMkZ1R0xUY3hGUldNQVVZcklDTk05cmgvQmkwenpOL2w0RWFHS3lGVmk0V0lFZ1l0TE9sZHR0eDhSaTB6cmRRbDJCbkdLeWQ5V0lYRUJ3WXJKSHRMZGR4K0E9PQgABgAAAAAIAAcAAAABDAAICgABGLSyVmuWgXEAAAA
7,"{'type': 'tweet', 'tweet_id': '1780290488504823813', 'screen_name': '_nottim', 'bookmarks': 0, 'favorites': 2, 'created_at': 'Tue Apr 16 17:41:43 +0000 2024', 'text': 'BTC halving = Block 840,000\n\nNakamoto upgrade = Block 840,360 \n\nThese events are not marketing rollouts. Both events will change a whole lot for BTC &amp; DeFi on BTC.\n\nHalving works on supply &amp; security of BTC. Nakamoto upgrade positions @Stacks as a fast DeFi option for BTC.\n\nüí£üüß https://t.co/7T3iLSqNHG', 'lang': 'en', 'quotes': 0, 'replies': 1, 'retweets': 2, 'views': '18', 'entities': {'media': [{'display_url': 'pic.twitter.com/7T3iLSqNHG', 'expanded_url': 'https://twitter.com/_nottim/status/1780290488504823813/video/1', 'id_str': '1780290371106304001', 'indices': [286, 309], 'media_key': '13_1780290371106304001', 'media_url_https': 'https://pbs.twimg.com/amplify_video_thumb/1780290371106304001/img/aWmF4xlP3zDL0T06.jpg', 'type': 'video', 'url': 'https://t.co/7T3iLSqNHG', 'additional_media_info': {'monetizable': False}, 'ext_media_availability': {'status': 'Available'}, 'sizes': {'large': {'h': 720, 'w': 1280, 'resize': 'fit'}, 'medium': {'h': 675, 'w': 1200, 'resize': 'fit'}, 'small': {'h': 383, 'w': 680, 'resize': 'fit'}, 'thumb': {'h': 150, 'w': 150, 'resize': 'crop'}}, 'original_info': {'height': 720, 'width': 1280, 'focus_rects': []}, 'video_info': {'aspect_ratio': [16, 9], 'duration_millis': 27908, 'variants': [{'content_type': 'application/x-mpegURL', 'url': 'https://video.twimg.com/amplify_video/1780290371106304001/pl/yGDGEVQpQToTSVVX.m3u8?tag=14&container=cmaf'}, {'bitrate': 288000, 'content_type': 'video/mp4', 'url': 'https://video.twimg.com/amplify_video/1780290371106304001/vid/avc1/480x270/Qo60eyYRGPn-cjG1.mp4?tag=14'}, {'bitrate': 832000, 'content_type': 'video/mp4', 'url': 'https://video.twimg.com/amplify_video/1780290371106304001/vid/avc1/640x360/8zPeWK5qUnPKubyP.mp4?tag=14'}, {'bitrate': 2176000, 'content_type': 'video/mp4', 'url': 'https://video.twimg.com/amplify_video/1780290371106304001/vid/avc1/1280x720/tedsqkuvlvehSUOT.mp4?tag=14'}]}}], 'user_mentions': [{'id_str': '3285797414', 'name': 'stacks.btc', 'screen_name': 'Stacks', 'indices': [243, 250]}], 'urls': [], 'hashtags': [], 'symbols': []}, 'user_info': {'screen_name': '_nottim', 'name': 'Tim', 'rest_id': '1099286176639434752', 'followers_count': 10682, 'favourites_count': 72595, 'avatar': 'https://pbs.twimg.com/profile_images/1776097892165459968/wkTX0Bul_normal.jpg', 'verified': False, 'friends_count': 3572}, 'media': {'video': [{'media_url_https': 'https://pbs.twimg.com/amplify_video_thumb/1780290371106304001/img/aWmF4xlP3zDL0T06.jpg', 'variants': [{'content_type': 'application/x-mpegURL', 'url': 'https://video.twimg.com/amplify_video/1780290371106304001/pl/yGDGEVQpQToTSVVX.m3u8?tag=14&container=cmaf'}, {'bitrate': 288000, 'content_type': 'video/mp4', 'url': 'https://video.twimg.com/amplify_video/1780290371106304001/vid/avc1/480x270/Qo60eyYRGPn-cjG1.mp4?tag=14'}, {'bitrate': 832000, 'content_type': 'video/mp4', 'url': 'https://video.twimg.com/amplify_video/1780290371106304001/vid/avc1/640x360/8zPeWK5qUnPKubyP.mp4?tag=14'}, {'bitrate': 2176000, 'content_type': 'video/mp4', 'url': 'https://video.twimg.com/amplify_video/1780290371106304001/vid/avc1/1280x720/tedsqkuvlvehSUOT.mp4?tag=14'}], 'aspect_ratio': [16, 9], 'original_info': {'height': 720, 'width': 1280, 'focus_rects': []}, 'id': '1780290371106304001'}]}}",DAACCgACGKygYwgAJxAKAAMYrKBjB_-x4AgABAAAAAILAAUAAAGoRW1QQzZ3QUFBZlEvZ0dKTjB2R3AvQUFBQUNVWXRObk9LVmNnc1Jpc25MN1BsNUdKR0t4U2IzTVhvTGdZdE5nUzNkWXc3aGkwM1JNTEZsRGZHTFMrS2VPV1Fia1lySWk2Zk5hQlJoaXNsK3JQVjRESkdLeWUra2tYSU1RWXRObVFtVmVBaXhpMHNsWnJsb0Z4R0t4SDV1b1dJTDBZcko0UHA5YWh6Qmlza0lycGxzRTZHTFRaNDdmWDBXa1l0TXRaSVJkUlh4aTB6UUZqVjFIbkdLeWJSeW5YQUo4WXROMFhZOWR4b3hpMHVvNW5scEhQR0t5VFNrL2FnYWNZdE5JS2NCZFJCaGkwMXcwblY1RW1HS3lHblVsWGtZWVl0TmMyMVpkZzN4aTAxWHRqbDhCUkdLeWFicXZXWU9JWXRNVjhuWlpRMXhpc2tkaEQxMkZ1R0xUY3hGUldNQVVZcklDTk05cmgvQmkwenpOL2w0RWFHS3lGVmk0V0lFZ1l0TE9sZHR0eDhSaTB6cmRRbDJCbkdLeWQ5V0lYRUJ3WXJKSHRMZGR4K0E9PQgABgAAAAAIAAcAAAABDAAICgABGLSyVmuWgXEAAAA
8,"{'type': 'tweet', 'tweet_id': '1780287324783366505', 'screen_name': 'Learnernoearner', 'bookmarks': 2, 'favorites': 92, 'created_at': 'Tue Apr 16 17:29:09 +0000 2024', 'text': 'I would say local bottom is forming around here for #BTC \n\nRemember guys chart -&gt; news.', 'lang': 'en', 'quotes': 1, 'replies': 25, 'retweets': 22, 'views': '3040', 'entities': {'user_mentions': [], 'urls': [], 'hashtags': [{'indices': [52, 56], 'text': 'BTC'}], 'symbols': []}, 'user_info': {'screen_name': 'Learnernoearner', 'name': 'UNKNOWN TRADER', 'rest_id': '904318302167728130', 'followers_count': 42949, 'favourites_count': 13753, 'avatar': 'https://pbs.twimg.com/profile_images/1722060690775539712/OP8MFN04_normal.jpg', 'verified': False, 'friends_count': 132}, 'media': []}",DAACCgACGKygYwgAJxAKAAMYrKBjB_-x4AgABAAAAAILAAUAAAGoRW1QQzZ3QUFBZlEvZ0dKTjB2R3AvQUFBQUNVWXRObk9LVmNnc1Jpc25MN1BsNUdKR0t4U2IzTVhvTGdZdE5nUzNkWXc3aGkwM1JNTEZsRGZHTFMrS2VPV1Fia1lySWk2Zk5hQlJoaXNsK3JQVjRESkdLeWUra2tYSU1RWXRObVFtVmVBaXhpMHNsWnJsb0Z4R0t4SDV1b1dJTDBZcko0UHA5YWh6Qmlza0lycGxzRTZHTFRaNDdmWDBXa1l0TXRaSVJkUlh4aTB6UUZqVjFIbkdLeWJSeW5YQUo4WXROMFhZOWR4b3hpMHVvNW5scEhQR0t5VFNrL2FnYWNZdE5JS2NCZFJCaGkwMXcwblY1RW1HS3lHblVsWGtZWVl0TmMyMVpkZzN4aTAxWHRqbDhCUkdLeWFicXZXWU9JWXRNVjhuWlpRMXhpc2tkaEQxMkZ1R0xUY3hGUldNQVVZcklDTk05cmgvQmkwenpOL2w0RWFHS3lGVmk0V0lFZ1l0TE9sZHR0eDhSaTB6cmRRbDJCbkdLeWQ5V0lYRUJ3WXJKSHRMZGR4K0E9PQgABgAAAAAIAAcAAAABDAAICgABGLSyVmuWgXEAAAA
9,"{'type': 'tweet', 'tweet_id': '1780275039444623463', 'screen_name': 'ashleyxcrypto', 'bookmarks': 0, 'favorites': 19, 'created_at': 'Tue Apr 16 16:40:19 +0000 2024', 'text': '$1000 in #BTC or a date with me? https://t.co/ssbweYOX8W', 'lang': 'en', 'quotes': 0, 'replies': 23, 'retweets': 13, 'views': '517', 'entities': {'media': [{'display_url': 'pic.twitter.com/ssbweYOX8W', 'expanded_url': 'https://twitter.com/ashleyxcrypto/status/1780275039444623463/photo/1', 'id_str': '1780275025863393281', 'indices': [33, 56], 'media_key': '3_1780275025863393281', 'media_url_https': 'https://pbs.twimg.com/media/GLTOtCcWQAENKAx.jpg', 'type': 'photo', 'url': 'https://t.co/ssbweYOX8W', 'ext_media_availability': {'status': 'Available'}, 'features': {'large': {'faces': []}, 'medium': {'faces': []}, 'small': {'faces': []}, 'orig': {'faces': []}}, 'sizes': {'large': {'h': 2048, 'w': 1534, 'resize': 'fit'}, 'medium': {'h': 1200, 'w': 899, 'resize': 'fit'}, 'small': {'h': 680, 'w': 509, 'resize': 'fit'}, 'thumb': {'h': 150, 'w': 150, 'resize': 'crop'}}, 'original_info': {'height': 2048, 'width': 1534, 'focus_rects': [{'x': 0, 'y': 849, 'w': 1534, 'h': 859}, {'x': 0, 'y': 511, 'w': 1534, 'h': 1534}, {'x': 0, 'y': 299, 'w': 1534, 'h': 1749}, {'x': 255, 'y': 0, 'w': 1024, 'h': 2048}, {'x': 0, 'y': 0, 'w': 1534, 'h': 2048}]}}], 'user_mentions': [], 'urls': [], 'hashtags': [{'indices': [9, 13], 'text': 'BTC'}], 'symbols': []}, 'user_info': {'screen_name': 'ashleyxcrypto', 'name': 'Crypto Ashley', 'rest_id': '958071430889070593', 'followers_count': 966, 'favourites_count': 1349, 'avatar': 'https://pbs.twimg.com/profile_images/1770371640993488896/E0XX5DlO_normal.jpg', 'verified': False, 'friends_count': 77}, 'media': {'photo': [{'media_url_https': 'https://pbs.twimg.com/media/GLTOtCcWQAENKAx.jpg', 'id': '1780275025863393281'}]}}",DAACCgACGKygYwgAJxAKAAMYrKBjB_-x4AgABAAAAAILAAUAAAGoRW1QQzZ3QUFBZlEvZ0dKTjB2R3AvQUFBQUNVWXRObk9LVmNnc1Jpc25MN1BsNUdKR0t4U2IzTVhvTGdZdE5nUzNkWXc3aGkwM1JNTEZsRGZHTFMrS2VPV1Fia1lySWk2Zk5hQlJoaXNsK3JQVjRESkdLeWUra2tYSU1RWXRObVFtVmVBaXhpMHNsWnJsb0Z4R0t4SDV1b1dJTDBZcko0UHA5YWh6Qmlza0lycGxzRTZHTFRaNDdmWDBXa1l0TXRaSVJkUlh4aTB6UUZqVjFIbkdLeWJSeW5YQUo4WXROMFhZOWR4b3hpMHVvNW5scEhQR0t5VFNrL2FnYWNZdE5JS2NCZFJCaGkwMXcwblY1RW1HS3lHblVsWGtZWVl0TmMyMVpkZzN4aTAxWHRqbDhCUkdLeWFicXZXWU9JWXRNVjhuWlpRMXhpc2tkaEQxMkZ1R0xUY3hGUldNQVVZcklDTk05cmgvQmkwenpOL2w0RWFHS3lGVmk0V0lFZ1l0TE9sZHR0eDhSaTB6cmRRbDJCbkdLeWQ5V0lYRUJ3WXJKSHRMZGR4K0E9PQgABgAAAAAIAAcAAAABDAAICgABGLSyVmuWgXEAAAA
10,"{'type': 'tweet', 'tweet_id': '1780264891728679127', 'screen_name': 'bitdogs_btc', 'bookmarks': 0, 'favorites': 99, 'created_at': 'Tue Apr 16 16:00:00 +0000 2024', 'text': ""Every dog has it's day üòé https://t.co/lGdmhAw7KG"", 'lang': 'en', 'quotes': 2, 'replies': 9, 'retweets': 14, 'views': '2104', 'entities': {'media': [{'display_url': 'pic.twitter.com/lGdmhAw7KG', 'expanded_url': 'https://twitter.com/bitdogs_btc/status/1780264891728679127/photo/1', 'id_str': '1780122753481252864', 'indices': [25, 48], 'media_key': '3_1780122753481252864', 'media_url_https': 'https://pbs.twimg.com/media/GLRENnnXIAAJWIs.jpg', 'type': 'photo', 'url': 'https://t.co/lGdmhAw7KG', 'ext_media_availability': {'status': 'Available'}, 'features': {'large': {'faces': []}, 'medium': {'faces': []}, 'small': {'faces': []}, 'orig': {'faces': []}}, 'sizes': {'large': {'h': 1200, 'w': 1200, 'resize': 'fit'}, 'medium': {'h': 1200, 'w': 1200, 'resize': 'fit'}, 'small': {'h': 680, 'w': 680, 'resize': 'fit'}, 'thumb': {'h': 150, 'w': 150, 'resize': 'crop'}}, 'original_info': {'height': 1200, 'width': 1200, 'focus_rects': [{'x': 0, 'y': 528, 'w': 1200, 'h': 672}, {'x': 0, 'y': 0, 'w': 1200, 'h': 1200}, {'x': 74, 'y': 0, 'w': 1053, 'h': 1200}, {'x': 300, 'y': 0, 'w': 600, 'h': 1200}, {'x': 0, 'y': 0, 'w': 1200, 'h': 1200}]}}], 'user_mentions': [], 'urls': [], 'hashtags': [], 'symbols': []}, 'user_info': {'screen_name': 'bitdogs_btc', 'name': 'Bitdog', 'rest_id': '1690230880504078337', 'followers_count': 13509, 'favourites_count': 2822, 'avatar': 'https://pbs.twimg.com/profile_images/1767734395300093952/kw0gXwtP_normal.png', 'verified': False, 'friends_count': 755}, 'media': {'photo': [{'media_url_https': 'https://pbs.twimg.com/media/GLRENnnXIAAJWIs.jpg', 'id': '1780122753481252864'}]}}",DAACCgACGKygYwgAJxAKAAMYrKBjB_-x4AgABAAAAAILAAUAAAGoRW1QQzZ3QUFBZlEvZ0dKTjB2R3AvQUFBQUNVWXRObk9LVmNnc1Jpc25MN1BsNUdKR0t4U2IzTVhvTGdZdE5nUzNkWXc3aGkwM1JNTEZsRGZHTFMrS2VPV1Fia1lySWk2Zk5hQlJoaXNsK3JQVjRESkdLeWUra2tYSU1RWXRObVFtVmVBaXhpMHNsWnJsb0Z4R0t4SDV1b1dJTDBZcko0UHA5YWh6Qmlza0lycGxzRTZHTFRaNDdmWDBXa1l0TXRaSVJkUlh4aTB6UUZqVjFIbkdLeWJSeW5YQUo4WXROMFhZOWR4b3hpMHVvNW5scEhQR0t5VFNrL2FnYWNZdE5JS2NCZFJCaGkwMXcwblY1RW1HS3lHblVsWGtZWVl0TmMyMVpkZzN4aTAxWHRqbDhCUkdLeWFicXZXWU9JWXRNVjhuWlpRMXhpc2tkaEQxMkZ1R0xUY3hGUldNQVVZcklDTk05cmgvQmkwenpOL2w0RWFHS3lGVmk0V0lFZ1l0TE9sZHR0eDhSaTB6cmRRbDJCbkdLeWQ5V0lYRUJ3WXJKSHRMZGR4K0E9PQgABgAAAAAIAAcAAAABDAAICgABGLSyVmuWgXEAAAA
11,"{'type': 'tweet', 'tweet_id': '1780285328261001454', 'screen_name': 'btc_expertt', 'bookmarks': 0, 'favorites': 5, 'created_at': 'Tue Apr 16 17:21:13 +0000 2024', 'text': ""üí´ DON'T STOP FARMING\n\nüå™Ô∏è KEEP FARMING $PARAM @ParamLaboratory \nüå™Ô∏è KEEP FARMING $BUBBLE\n@Imaginary_Ones‚ö°Ô∏è\n@MetaMaskSupport\n\nüí• #Airdrops. Don't miss\n\nWE WILL ALL GET RICH TOGETHER https://t.co/xZNfYrD0aB"", 'lang': 'en', 'quotes': 0, 'replies': 1, 'retweets': 5, 'views': '49', 'entities': {'media': [{'display_url': 'pic.twitter.com/xZNfYrD0aB', 'expanded_url': 'https://twitter.com/btc_expertt/status/1780285328261001454/photo/1', 'id_str': '1780285319046172672', 'indices': [178, 201], 'media_key': '3_1780285319046172672', 'media_url_https': 'https://pbs.twimg.com/media/GLTYELiXEAA0iPO.jpg', 'type': 'photo', 'url': 'https://t.co/xZNfYrD0aB', 'ext_media_availability': {'status': 'Available'}, 'features': {'large': {'faces': []}, 'medium': {'faces': []}, 'small': {'faces': []}, 'orig': {'faces': []}}, 'sizes': {'large': {'h': 1015, 'w': 828, 'resize': 'fit'}, 'medium': {'h': 1015, 'w': 828, 'resize': 'fit'}, 'small': {'h': 680, 'w': 555, 'resize': 'fit'}, 'thumb': {'h': 150, 'w': 150, 'resize': 'crop'}}, 'original_info': {'height': 1015, 'width': 828, 'focus_rects': [{'x': 0, 'y': 551, 'w': 828, 'h': 464}, {'x': 0, 'y': 187, 'w': 828, 'h': 828}, {'x': 0, 'y': 71, 'w': 828, 'h': 944}, {'x': 0, 'y': 0, 'w': 508, 'h': 1015}, {'x': 0, 'y': 0, 'w': 828, 'h': 1015}]}}], 'user_mentions': [{'id_str': '1514407059910975494', 'name': 'Param Labs', 'screen_name': 'ParamLaboratory', 'indices': [45, 61]}, {'id_str': '1478769546207006720', 'name': 'Imaginary Ones | $BUBBLE ü´ßü´ßü´ß', 'screen_name': 'Imaginary_Ones', 'indices': [87, 102]}, {'id_str': '1050113574411141120', 'name': 'MetaMask Support', 'screen_name': 'MetaMaskSupport', 'indices': [105, 121]}], 'urls': [], 'hashtags': [{'indices': [125, 134], 'text': 'Airdrops'}], 'symbols': [{'indices': [38, 44], 'text': 'PARAM'}, {'indices': [79, 86], 'text': 'BUBBLE'}]}, 'user_info': {'screen_name': 'btc_expertt', 'name': 'Stan Lee |', 'rest_id': '1497559141002641408', 'followers_count': 2113, 'favourites_count': 283, 'avatar': 'https://pbs.twimg.com/profile_images/1612469331878875136/S3YYpSe3_normal.jpg', 'verified': False, 'friends_count': 377}, 'media': {'photo': [{'media_url_https': 'https://pbs.twimg.com/media/GLTYELiXEAA0iPO.jpg', 'id': '1780285319046172672'}]}}",DAACCgACGKygYwgAJxAKAAMYrKBjB_-x4AgABAAAAAILAAUAAAGoRW1QQzZ3QUFBZlEvZ0dKTjB2R3AvQUFBQUNVWXRObk9LVmNnc1Jpc25MN1BsNUdKR0t4U2IzTVhvTGdZdE5nUzNkWXc3aGkwM1JNTEZsRGZHTFMrS2VPV1Fia1lySWk2Zk5hQlJoaXNsK3JQVjRESkdLeWUra2tYSU1RWXRObVFtVmVBaXhpMHNsWnJsb0Z4R0t4SDV1b1dJTDBZcko0UHA5YWh6Qmlza0lycGxzRTZHTFRaNDdmWDBXa1l0TXRaSVJkUlh4aTB6UUZqVjFIbkdLeWJSeW5YQUo4WXROMFhZOWR4b3hpMHVvNW5scEhQR0t5VFNrL2FnYWNZdE5JS2NCZFJCaGkwMXcwblY1RW1HS3lHblVsWGtZWVl0TmMyMVpkZzN4aTAxWHRqbDhCUkdLeWFicXZXWU9JWXRNVjhuWlpRMXhpc2tkaEQxMkZ1R0xUY3hGUldNQVVZcklDTk05cmgvQmkwenpOL2w0RWFHS3lGVmk0V0lFZ1l0TE9sZHR0eDhSaTB6cmRRbDJCbkdLeWQ5V0lYRUJ3WXJKSHRMZGR4K0E9PQgABgAAAAAIAAcAAAABDAAICgABGLSyVmuWgXEAAAA
12,"{'type': 'tweet', 'tweet_id': '1780287232198254769', 'screen_name': 'thegreatola', 'bookmarks': 72, 'favorites': 71, 'created_at': 'Tue Apr 16 17:28:46 +0000 2024', 'text': 'Ordinals and Rune projects you need to get whitelist for üëáüèæ\n\n‚û≠ @lucidbtc\n‚û≠ @ordinalxtribes\n‚û≠ @boldinals\n‚û≠ @metrixtools\n‚û≠ @btcnoggin\n‚û≠ @hikeshi_btc \n‚û≠ @antisocialfrogs\n‚û≠ @themobonbtc \n‚û≠ @cyberkongz prometheans \n‚û≠ @halvinals \n‚û≠ @everydaysats\n‚û≠ @foxtalesbtc\n‚û≠ @primalnomadbtc\n‚û≠ @ironheadzbtc\n‚û≠ @rune_coin\n‚û≠ @opalbtc  \n‚û≠ @runestree\n‚û≠ @runes_terminal \n‚û≠ @ntfrc69\n\nThese are just the ones I feel are solid to me. \n\nMy judgement might be wrong. I don‚Äôt get it right all the time. \n\nùêìùê°ùê¢ùê¨ ùê¢ùê¨ùêß‚Äôùê≠ ùêöùêß ùêûùêßùêùùê®ùê´ùê¨ùêûùê¶ùêûùêßùê≠ for any project. Do your research. NFTs are risky and volatile', 'lang': 'en', 'quotes': 0, 'replies': 32, 'retweets': 22, 'views': '2064', 'entities': {'user_mentions': [{'id_str': '1764731707742187520', 'name': 'Lucid', 'screen_name': 'lucidbtc', 'indices': [63, 72]}, {'id_str': '1748228436198359040', 'name': 'Ordinal X Tribes', 'screen_name': 'OrdinalXTribes', 'indices': [75, 90]}, {'id_str': '1511450848001343490', 'name': 'boldinals', 'screen_name': 'boldinals', 'indices': [93, 103]}, {'id_str': '1750384440461975552', 'name': 'METRIX', 'screen_name': 'metrixtools', 'indices': [106, 118]}, {'id_str': '1765645611099897856', 'name': 'Noggin', 'screen_name': 'btcNoggin', 'indices': [121, 131]}, {'id_str': '1586092619427373057', 'name': 'HiKESHi Spirit', 'screen_name': 'HiKESHi_BTC', 'indices': [134, 146]}, {'id_str': '1763250236066066432', 'name': 'Anti Social Frogs', 'screen_name': 'AntiSocialFrogs', 'indices': [150, 166]}, {'id_str': '1734401505535377408', 'name': 'The Mob', 'screen_name': 'themobonbtc', 'indices': [169, 181]}, {'id_str': '1367095024069062657', 'name': 'CyberKongz', 'screen_name': 'CyberKongz', 'indices': [185, 196]}, {'id_str': '1769971740459839488', 'name': 'Halvinals', 'screen_name': 'halvinals', 'indices': [212, 222]}, {'id_str': '1691801913250181120', 'name': 'Everyday Satoshis', 'screen_name': 'everydaysats', 'indices': [226, 239]}, {'id_str': '1766141821120344064', 'name': 'FOXTALES ü¶ä', 'screen_name': 'foxtalesbtc', 'indices': [242, 254]}], 'urls': [], 'hashtags': [], 'symbols': []}, 'user_info': {'screen_name': 'thegreatola', 'name': 'Ola Œûlixir', 'rest_id': '1103459924', 'followers_count': 84870, 'favourites_count': 101853, 'avatar': 'https://pbs.twimg.com/profile_images/1779843769296113664/HW4pzfTO_normal.jpg', 'verified': False, 'friends_count': 8437}, 'media': []}",DAACCgACGKygYwgAJxAKAAMYrKBjB_-x4AgABAAAAAILAAUAAAGoRW1QQzZ3QUFBZlEvZ0dKTjB2R3AvQUFBQUNVWXRObk9LVmNnc1Jpc25MN1BsNUdKR0t4U2IzTVhvTGdZdE5nUzNkWXc3aGkwM1JNTEZsRGZHTFMrS2VPV1Fia1lySWk2Zk5hQlJoaXNsK3JQVjRESkdLeWUra2tYSU1RWXRObVFtVmVBaXhpMHNsWnJsb0Z4R0t4SDV1b1dJTDBZcko0UHA5YWh6Qmlza0lycGxzRTZHTFRaNDdmWDBXa1l0TXRaSVJkUlh4aTB6UUZqVjFIbkdLeWJSeW5YQUo4WXROMFhZOWR4b3hpMHVvNW5scEhQR0t5VFNrL2FnYWNZdE5JS2NCZFJCaGkwMXcwblY1RW1HS3lHblVsWGtZWVl0TmMyMVpkZzN4aTAxWHRqbDhCUkdLeWFicXZXWU9JWXRNVjhuWlpRMXhpc2tkaEQxMkZ1R0xUY3hGUldNQVVZcklDTk05cmgvQmkwenpOL2w0RWFHS3lGVmk0V0lFZ1l0TE9sZHR0eDhSaTB6cmRRbDJCbkdLeWQ5V0lYRUJ3WXJKSHRMZGR4K0E9PQgABgAAAAAIAAcAAAABDAAICgABGLSyVmuWgXEAAAA
13,"{'type': 'tweet', 'tweet_id': '1780282478646771793', 'screen_name': 'PatoshiPunks', 'bookmarks': 1, 'favorites': 37, 'created_at': 'Tue Apr 16 17:09:53 +0000 2024', 'text': 'This dog sold for 0.03 BTC üê∂\n\nOnly 27 dogs in the collection üëÄ https://t.co/Ww6904VosM', 'lang': 'en', 'quotes': 1, 'replies': 9, 'retweets': 13, 'views': '1072', 'entities': {'media': [{'display_url': 'pic.twitter.com/Ww6904VosM', 'expanded_url': 'https://twitter.com/PatoshiPunks/status/1780282478646771793/photo/1', 'id_str': '1780282377341636608', 'indices': [63, 86], 'media_key': '3_1780282377341636608', 'media_url_https': 'https://pbs.twimg.com/media/GLTVY81WEAA7pCG.png', 'type': 'photo', 'url': 'https://t.co/Ww6904VosM', 'ext_media_availability': {'status': 'Available'}, 'features': {'large': {'faces': []}, 'medium': {'faces': []}, 'small': {'faces': []}, 'orig': {'faces': []}}, 'sizes': {'large': {'h': 691, 'w': 863, 'resize': 'fit'}, 'medium': {'h': 691, 'w': 863, 'resize': 'fit'}, 'small': {'h': 544, 'w': 680, 'resize': 'fit'}, 'thumb': {'h': 150, 'w': 150, 'resize': 'crop'}}, 'original_info': {'height': 691, 'width': 863, 'focus_rects': [{'x': 0, 'y': 208, 'w': 863, 'h': 483}, {'x': 86, 'y': 0, 'w': 691, 'h': 691}, {'x': 128, 'y': 0, 'w': 606, 'h': 691}, {'x': 258, 'y': 0, 'w': 346, 'h': 691}, {'x': 0, 'y': 0, 'w': 863, 'h': 691}]}}], 'user_mentions': [], 'urls': [], 'hashtags': [], 'symbols': []}, 'user_info': {'screen_name': 'PatoshiPunks', 'name': 'PatoshiPunks', 'rest_id': '1670265734570835969', 'followers_count': 2174, 'favourites_count': 269, 'avatar': 'https://pbs.twimg.com/profile_images/1730084185602441216/SbYZvDFO_normal.jpg', 'verified': False, 'friends_count': 0}, 'media': {'photo': [{'media_url_https': 'https://pbs.twimg.com/media/GLTVY81WEAA7pCG.png', 'id': '1780282377341636608'}]}}",DAACCgACGKygYwgAJxAKAAMYrKBjB_-x4AgABAAAAAILAAUAAAGoRW1QQzZ3QUFBZlEvZ0dKTjB2R3AvQUFBQUNVWXRObk9LVmNnc1Jpc25MN1BsNUdKR0t4U2IzTVhvTGdZdE5nUzNkWXc3aGkwM1JNTEZsRGZHTFMrS2VPV1Fia1lySWk2Zk5hQlJoaXNsK3JQVjRESkdLeWUra2tYSU1RWXRObVFtVmVBaXhpMHNsWnJsb0Z4R0t4SDV1b1dJTDBZcko0UHA5YWh6Qmlza0lycGxzRTZHTFRaNDdmWDBXa1l0TXRaSVJkUlh4aTB6UUZqVjFIbkdLeWJSeW5YQUo4WXROMFhZOWR4b3hpMHVvNW5scEhQR0t5VFNrL2FnYWNZdE5JS2NCZFJCaGkwMXcwblY1RW1HS3lHblVsWGtZWVl0TmMyMVpkZzN4aTAxWHRqbDhCUkdLeWFicXZXWU9JWXRNVjhuWlpRMXhpc2tkaEQxMkZ1R0xUY3hGUldNQVVZcklDTk05cmgvQmkwenpOL2w0RWFHS3lGVmk0V0lFZ1l0TE9sZHR0eDhSaTB6cmRRbDJCbkdLeWQ5V0lYRUJ3WXJKSHRMZGR4K0E9PQgABgAAAAAIAAcAAAABDAAICgABGLSyVmuWgXEAAAA
14,"{'type': 'tweet', 'tweet_id': '1780243836960145777', 'screen_name': 'MaxBecauseBTC', 'bookmarks': 61, 'favorites': 241, 'created_at': 'Tue Apr 16 14:36:20 +0000 2024', 'text': '$OTHERS / $BTC\n\nThe chart below is a simple pair study done to convey when it is the most ""optimal"" time to hold Altcoins vs #Bitcoin. \n\nWhen the Others/BTC pair moves up, it\'s better to hold small cap/mid cap alts. When it moves down, its better to hold #BTC. \n\nI\'ve marked out the $BTC halvings with solid vertical lines & I\'ve also marked out when BTC went on to make a new ATH high after a bear market with dashed vertical lines. \n\nFunny enough, we\'ve seen more or less the same thing every cycle - Altcoins slightly outperform BTC leading into a halving, then slightly underperform BTC right after for a short while, then we get Altcoin mania! \n\nI believe we are front running this cycle just a little bit and would expect alt mania sooner rather than later. I believe we are probably half way through our ""red box"" right now & within the next 90 days +/-, the blue box should commence ü§ù', 'lang': 'en', 'quotes': 3, 'replies': 16, 'retweets': 31, 'views': '24595', 'entities': {'media': [{'display_url': 'pic.twitter.com/t6YtTRoU2F', 'expanded_url': 'https://twitter.com/MaxBecauseBTC/status/1780243836960145777/photo/1', 'id_str': '1780242254143119360', 'indices': [280, 303], 'media_key': '3_1780242254143119360', 'media_url_https': 'https://pbs.twimg.com/media/GLSw5eRXYAAjGtP.jpg', 'type': 'photo', 'url': 'https://t.co/t6YtTRoU2F', 'ext_media_availability': {'status': 'Available'}, 'features': {'large': {'faces': [{'x': 31, 'y': 727, 'h': 71, 'w': 71}, {'x': 19, 'y': 485, 'h': 85, 'w': 85}, {'x': 13, 'y': 251, 'h': 97, 'w': 97}, {'x': 19, 'y': 423, 'h': 91, 'w': 91}, {'x': 19, 'y': 455, 'h': 89, 'w': 89}]}, 'medium': {'faces': [{'x': 18, 'y': 426, 'h': 42, 'w': 42}, {'x': 11, 'y': 284, 'h': 50, 'w': 50}, {'x': 8, 'y': 147, 'h': 57, 'w': 57}, {'x': 11, 'y': 248, 'h': 53, 'w': 53}, {'x': 11, 'y': 267, 'h': 52, 'w': 52}]}, 'small': {'faces': [{'x': 10, 'y': 241, 'h': 23, 'w': 23}, {'x': 6, 'y': 161, 'h': 28, 'w': 28}, {'x': 4, 'y': 83, 'h': 32, 'w': 32}, {'x': 6, 'y': 140, 'h': 30, 'w': 30}, {'x': 6, 'y': 151, 'h': 29, 'w': 29}]}, 'orig': {'faces': [{'x': 34, 'y': 788, 'h': 78, 'w': 78}, {'x': 21, 'y': 526, 'h': 93, 'w': 93}, {'x': 15, 'y': 273, 'h': 106, 'w': 106}, {'x': 21, 'y': 459, 'h': 99, 'w': 99}, {'x': 21, 'y': 494, 'h': 97, 'w': 97}]}}, 'sizes': {'large': {'h': 1128, 'w': 2048, 'resize': 'fit'}, 'medium': {'h': 661, 'w': 1200, 'resize': 'fit'}, 'small': {'h': 374, 'w': 680, 'resize': 'fit'}, 'thumb': {'h': 150, 'w': 150, 'resize': 'crop'}}, 'original_info': {'height': 1222, 'width': 2219, 'focus_rects': [{'x': 18, 'y': 0, 'w': 2182, 'h': 1222}, {'x': 498, 'y': 0, 'w': 1222, 'h': 1222}, {'x': 573, 'y': 0, 'w': 1072, 'h': 1222}, {'x': 804, 'y': 0, 'w': 611, 'h': 1222}, {'x': 0, 'y': 0, 'w': 2219, 'h': 1222}]}}], 'user_mentions': [], 'urls': [], 'hashtags': [{'indices': [125, 133], 'text': 'Bitcoin'}, {'indices': [255, 259], 'text': 'BTC'}], 'symbols': [{'indices': [0, 7], 'text': 'OTHERS'}, {'indices': [10, 14], 'text': 'BTC'}]}, 'user_info': {'screen_name': 'MaxBecauseBTC', 'name': 'Max', 'rest_id': '1319145334849810432', 'followers_count': 36072, 'favourites_count': 28902, 'avatar': 'https://pbs.twimg.com/profile_images/1760363243577499648/9HpOfZPJ_normal.jpg', 'verified': False, 'friends_count': 670}, 'media': {'photo': [{'media_url_https': 'https://pbs.twimg.com/media/GLSw5eRXYAAjGtP.jpg', 'id': '1780242254143119360'}]}}",DAACCgACGKygYwgAJxAKAAMYrKBjB_-x4AgABAAAAAILAAUAAAGoRW1QQzZ3QUFBZlEvZ0dKTjB2R3AvQUFBQUNVWXRObk9LVmNnc1Jpc25MN1BsNUdKR0t4U2IzTVhvTGdZdE5nUzNkWXc3aGkwM1JNTEZsRGZHTFMrS2VPV1Fia1lySWk2Zk5hQlJoaXNsK3JQVjRESkdLeWUra2tYSU1RWXRObVFtVmVBaXhpMHNsWnJsb0Z4R0t4SDV1b1dJTDBZcko0UHA5YWh6Qmlza0lycGxzRTZHTFRaNDdmWDBXa1l0TXRaSVJkUlh4aTB6UUZqVjFIbkdLeWJSeW5YQUo4WXROMFhZOWR4b3hpMHVvNW5scEhQR0t5VFNrL2FnYWNZdE5JS2NCZFJCaGkwMXcwblY1RW1HS3lHblVsWGtZWVl0TmMyMVpkZzN4aTAxWHRqbDhCUkdLeWFicXZXWU9JWXRNVjhuWlpRMXhpc2tkaEQxMkZ1R0xUY3hGUldNQVVZcklDTk05cmgvQmkwenpOL2w0RWFHS3lGVmk0V0lFZ1l0TE9sZHR0eDhSaTB6cmRRbDJCbkdLeWQ5V0lYRUJ3WXJKSHRMZGR4K0E9PQgABgAAAAAIAAcAAAABDAAICgABGLSyVmuWgXEAAAA
15,"{'type': 'tweet', 'tweet_id': '1780256839839400377', 'screen_name': 'exitpumpBTC', 'bookmarks': 5, 'favorites': 95, 'created_at': 'Tue Apr 16 15:28:00 +0000 2024', 'text': 'Whoever is running that twap sell based on 1h ema 20, i hope you step on a lego piece at night. https://t.co/6NVpgxrHEM', 'lang': 'en', 'quotes': 0, 'replies': 12, 'retweets': 5, 'views': '5978', 'entities': {'media': [{'display_url': 'pic.twitter.com/6NVpgxrHEM', 'expanded_url': 'https://twitter.com/exitpumpBTC/status/1780256839839400377/photo/1', 'id_str': '1780256711707705344', 'indices': [96, 119], 'media_key': '3_1780256711707705344', 'media_url_https': 'https://pbs.twimg.com/media/GLS-DA5XwAAY_WN.jpg', 'type': 'photo', 'url': 'https://t.co/6NVpgxrHEM', 'ext_media_availability': {'status': 'Available'}, 'features': {'large': {'faces': [{'x': 945, 'y': 395, 'h': 72, 'w': 72}]}, 'medium': {'faces': [{'x': 767, 'y': 320, 'h': 58, 'w': 58}]}, 'small': {'faces': [{'x': 434, 'y': 181, 'h': 33, 'w': 33}]}, 'orig': {'faces': [{'x': 945, 'y': 395, 'h': 72, 'w': 72}]}}, 'sizes': {'large': {'h': 835, 'w': 1478, 'resize': 'fit'}, 'medium': {'h': 678, 'w': 1200, 'resize': 'fit'}, 'small': {'h': 384, 'w': 680, 'resize': 'fit'}, 'thumb': {'h': 150, 'w': 150, 'resize': 'crop'}}, 'original_info': {'height': 835, 'width': 1478, 'focus_rects': [{'x': 0, 'y': 0, 'w': 1478, 'h': 828}, {'x': 358, 'y': 0, 'w': 835, 'h': 835}, {'x': 409, 'y': 0, 'w': 732, 'h': 835}, {'x': 566, 'y': 0, 'w': 418, 'h': 835}, {'x': 0, 'y': 0, 'w': 1478, 'h': 835}]}}], 'user_mentions': [], 'urls': [], 'hashtags': [], 'symbols': []}, 'user_info': {'screen_name': 'exitpumpBTC', 'name': 'exitpump', 'rest_id': '1373615088532328449', 'followers_count': 11057, 'favourites_count': 12174, 'avatar': 'https://pbs.twimg.com/profile_images/1501306486391144449/sBycDanC_normal.jpg', 'verified': False, 'friends_count': 656}, 'media': {'photo': [{'media_url_https': 'https://pbs.twimg.com/media/GLS-DA5XwAAY_WN.jpg', 'id': '1780256711707705344'}]}}",DAACCgACGKygYwgAJxAKAAMYrKBjB_-x4AgABAAAAAILAAUAAAGoRW1QQzZ3QUFBZlEvZ0dKTjB2R3AvQUFBQUNVWXRObk9LVmNnc1Jpc25MN1BsNUdKR0t4U2IzTVhvTGdZdE5nUzNkWXc3aGkwM1JNTEZsRGZHTFMrS2VPV1Fia1lySWk2Zk5hQlJoaXNsK3JQVjRESkdLeWUra2tYSU1RWXRObVFtVmVBaXhpMHNsWnJsb0Z4R0t4SDV1b1dJTDBZcko0UHA5YWh6Qmlza0lycGxzRTZHTFRaNDdmWDBXa1l0TXRaSVJkUlh4aTB6UUZqVjFIbkdLeWJSeW5YQUo4WXROMFhZOWR4b3hpMHVvNW5scEhQR0t5VFNrL2FnYWNZdE5JS2NCZFJCaGkwMXcwblY1RW1HS3lHblVsWGtZWVl0TmMyMVpkZzN4aTAxWHRqbDhCUkdLeWFicXZXWU9JWXRNVjhuWlpRMXhpc2tkaEQxMkZ1R0xUY3hGUldNQVVZcklDTk05cmgvQmkwenpOL2w0RWFHS3lGVmk0V0lFZ1l0TE9sZHR0eDhSaTB6cmRRbDJCbkdLeWQ5V0lYRUJ3WXJKSHRMZGR4K0E9PQgABgAAAAAIAAcAAAABDAAICgABGLSyVmuWgXEAAAA
16,"{'type': 'tweet', 'tweet_id': '1780284383229862111', 'screen_name': 'jvs_btc', 'bookmarks': 3, 'favorites': 68, 'created_at': 'Tue Apr 16 17:17:27 +0000 2024', 'text': '#Bitcoin funding rates were negative from Saturday and into Monday. Now flipped back to positive and the bears couldn‚Äôt get below 60k. \n\nThe last time #Bitcoin saw negative funding rates price was 15k.', 'lang': 'en', 'quotes': 0, 'replies': 13, 'retweets': 13, 'views': '2784', 'entities': {'user_mentions': [], 'urls': [], 'hashtags': [{'indices': [0, 8], 'text': 'Bitcoin'}, {'indices': [151, 159], 'text': 'Bitcoin'}], 'symbols': []}, 'user_info': {'screen_name': 'jvs_btc', 'name': 'James Van Straten', 'rest_id': '238351074', 'followers_count': 23853, 'favourites_count': 9771, 'avatar': 'https://pbs.twimg.com/profile_images/1621795962929692672/8slTMSi9_normal.jpg', 'verified': False, 'friends_count': 580}, 'media': []}",DAACCgACGKygYwgAJxAKAAMYrKBjB_-x4AgABAAAAAILAAUAAAGoRW1QQzZ3QUFBZlEvZ0dKTjB2R3AvQUFBQUNVWXRObk9LVmNnc1Jpc25MN1BsNUdKR0t4U2IzTVhvTGdZdE5nUzNkWXc3aGkwM1JNTEZsRGZHTFMrS2VPV1Fia1lySWk2Zk5hQlJoaXNsK3JQVjRESkdLeWUra2tYSU1RWXRObVFtVmVBaXhpMHNsWnJsb0Z4R0t4SDV1b1dJTDBZcko0UHA5YWh6Qmlza0lycGxzRTZHTFRaNDdmWDBXa1l0TXRaSVJkUlh4aTB6UUZqVjFIbkdLeWJSeW5YQUo4WXROMFhZOWR4b3hpMHVvNW5scEhQR0t5VFNrL2FnYWNZdE5JS2NCZFJCaGkwMXcwblY1RW1HS3lHblVsWGtZWVl0TmMyMVpkZzN4aTAxWHRqbDhCUkdLeWFicXZXWU9JWXRNVjhuWlpRMXhpc2tkaEQxMkZ1R0xUY3hGUldNQVVZcklDTk05cmgvQmkwenpOL2w0RWFHS3lGVmk0V0lFZ1l0TE9sZHR0eDhSaTB6cmRRbDJCbkdLeWQ5V0lYRUJ3WXJKSHRMZGR4K0E9PQgABgAAAAAIAAcAAAABDAAICgABGLSyVmuWgXEAAAA
17,"{'type': 'tweet', 'tweet_id': '1780271336385892703', 'screen_name': 'MatthewHyland_', 'bookmarks': 8, 'favorites': 457, 'created_at': 'Tue Apr 16 16:25:37 +0000 2024', 'text': '#BTC Weekly RSI currently below previous low: https://t.co/kQbvK2OM4f', 'lang': 'en', 'quotes': 2, 'replies': 64, 'retweets': 49, 'views': '23845', 'entities': {'media': [{'display_url': 'pic.twitter.com/kQbvK2OM4f', 'expanded_url': 'https://twitter.com/MatthewHyland_/status/1780271336385892703/photo/1', 'id_str': '1780271331663052800', 'indices': [46, 69], 'media_key': '3_1780271331663052800', 'media_url_https': 'https://pbs.twimg.com/media/GLTLWAeWgAAo2zl.jpg', 'type': 'photo', 'url': 'https://t.co/kQbvK2OM4f', 'ext_media_availability': {'status': 'Available'}, 'features': {'large': {'faces': []}, 'medium': {'faces': []}, 'small': {'faces': []}, 'orig': {'faces': []}}, 'sizes': {'large': {'h': 2048, 'w': 1249, 'resize': 'fit'}, 'medium': {'h': 1200, 'w': 732, 'resize': 'fit'}, 'small': {'h': 680, 'w': 415, 'resize': 'fit'}, 'thumb': {'h': 150, 'w': 150, 'resize': 'crop'}}, 'original_info': {'height': 2048, 'width': 1249, 'focus_rects': [{'x': 0, 'y': 111, 'w': 1249, 'h': 699}, {'x': 0, 'y': 0, 'w': 1249, 'h': 1249}, {'x': 0, 'y': 0, 'w': 1249, 'h': 1424}, {'x': 225, 'y': 0, 'w': 1024, 'h': 2048}, {'x': 0, 'y': 0, 'w': 1249, 'h': 2048}]}}], 'user_mentions': [], 'urls': [], 'hashtags': [{'indices': [0, 4], 'text': 'BTC'}], 'symbols': []}, 'user_info': {'screen_name': 'MatthewHyland_', 'name': 'Matthew Hyland', 'rest_id': '889273682', 'followers_count': 139860, 'favourites_count': 19513, 'avatar': 'https://pbs.twimg.com/profile_images/1422724197483155456/BZlF80Dd_normal.jpg', 'verified': False, 'friends_count': 978}, 'media': {'photo': [{'media_url_https': 'https://pbs.twimg.com/media/GLTLWAeWgAAo2zl.jpg', 'id': '1780271331663052800'}]}}",DAACCgACGKygYwgAJxAKAAMYrKBjB_-x4AgABAAAAAILAAUAAAGoRW1QQzZ3QUFBZlEvZ0dKTjB2R3AvQUFBQUNVWXRObk9LVmNnc1Jpc25MN1BsNUdKR0t4U2IzTVhvTGdZdE5nUzNkWXc3aGkwM1JNTEZsRGZHTFMrS2VPV1Fia1lySWk2Zk5hQlJoaXNsK3JQVjRESkdLeWUra2tYSU1RWXRObVFtVmVBaXhpMHNsWnJsb0Z4R0t4SDV1b1dJTDBZcko0UHA5YWh6Qmlza0lycGxzRTZHTFRaNDdmWDBXa1l0TXRaSVJkUlh4aTB6UUZqVjFIbkdLeWJSeW5YQUo4WXROMFhZOWR4b3hpMHVvNW5scEhQR0t5VFNrL2FnYWNZdE5JS2NCZFJCaGkwMXcwblY1RW1HS3lHblVsWGtZWVl0TmMyMVpkZzN4aTAxWHRqbDhCUkdLeWFicXZXWU9JWXRNVjhuWlpRMXhpc2tkaEQxMkZ1R0xUY3hGUldNQVVZcklDTk05cmgvQmkwenpOL2w0RWFHS3lGVmk0V0lFZ1l0TE9sZHR0eDhSaTB6cmRRbDJCbkdLeWQ5V0lYRUJ3WXJKSHRMZGR4K0E9PQgABgAAAAAIAAcAAAABDAAICgABGLSyVmuWgXEAAAA
18,"{'type': 'tweet', 'tweet_id': '1780278694990270726', 'screen_name': 'BitladsBTC', 'bookmarks': 5, 'favorites': 172, 'created_at': 'Tue Apr 16 16:54:51 +0000 2024', 'text': ""Ooh.. La La!! We hit 10K üéä\n\nAs a gratitude we're giving away 10 Guaranteed WL \n\nüüßDrop your Ordinals wallet address üëá\nüüß Reason you love #BitLads\nüüß Follow @BitladsBTC &amp; @RcBossman\nüüß Like, retweet &amp; üîî\n\nWinners in 24 hrs ‚è≥ https://t.co/gzzCJpNpAE"", 'lang': 'en', 'quotes': 1, 'replies': 139, 'retweets': 136, 'views': '4141', 'entities': {'media': [{'display_url': 'pic.twitter.com/gzzCJpNpAE', 'expanded_url': 'https://twitter.com/BitladsBTC/status/1780278694990270726/photo/1', 'id_str': '1780274074398167040', 'indices': [227, 250], 'media_key': '16_1780274074398167040', 'media_url_https': 'https://pbs.twimg.com/tweet_video_thumb/GLTN1p9XEAAT9Cz.jpg', 'type': 'animated_gif', 'url': 'https://t.co/gzzCJpNpAE', 'ext_media_availability': {'status': 'Available'}, 'sizes': {'large': {'h': 512, 'w': 512, 'resize': 'fit'}, 'medium': {'h': 512, 'w': 512, 'resize': 'fit'}, 'small': {'h': 512, 'w': 512, 'resize': 'fit'}, 'thumb': {'h': 150, 'w': 150, 'resize': 'crop'}}, 'original_info': {'height': 512, 'width': 512, 'focus_rects': []}, 'video_info': {'aspect_ratio': [1, 1], 'variants': [{'bitrate': 0, 'content_type': 'video/mp4', 'url': 'https://video.twimg.com/tweet_video/GLTN1p9XEAAT9Cz.mp4'}]}}], 'user_mentions': [{'id_str': '1755657210661675008', 'name': 'BitLads', 'screen_name': 'BitladsBTC', 'indices': [153, 164]}, {'id_str': '1355182460963848196', 'name': 'RC', 'screen_name': 'RcBossman', 'indices': [171, 181]}], 'urls': [], 'hashtags': [{'indices': [135, 143], 'text': 'BitLads'}], 'symbols': []}, 'user_info': {'screen_name': 'BitladsBTC', 'name': 'BitLads', 'rest_id': '1755657210661675008', 'followers_count': 10204, 'favourites_count': 3115, 'avatar': 'https://pbs.twimg.com/profile_images/1756016635851177984/zU5UotSK_normal.jpg', 'verified': False, 'friends_count': 30}, 'media': {'video': [{'media_url_https': 'https://pbs.twimg.com/tweet_video_thumb/GLTN1p9XEAAT9Cz.jpg', 'variants': [{'bitrate': 0, 'content_type': 'video/mp4', 'url': 'https://video.twimg.com/tweet_video/GLTN1p9XEAAT9Cz.mp4'}], 'aspect_ratio': [1, 1], 'original_info': {'height': 512, 'width': 512, 'focus_rects': []}, 'id': '1780274074398167040'}]}}",DAACCgACGKygYwgAJxAKAAMYrKBjB_-x4AgABAAAAAILAAUAAAGoRW1QQzZ3QUFBZlEvZ0dKTjB2R3AvQUFBQUNVWXRObk9LVmNnc1Jpc25MN1BsNUdKR0t4U2IzTVhvTGdZdE5nUzNkWXc3aGkwM1JNTEZsRGZHTFMrS2VPV1Fia1lySWk2Zk5hQlJoaXNsK3JQVjRESkdLeWUra2tYSU1RWXRObVFtVmVBaXhpMHNsWnJsb0Z4R0t4SDV1b1dJTDBZcko0UHA5YWh6Qmlza0lycGxzRTZHTFRaNDdmWDBXa1l0TXRaSVJkUlh4aTB6UUZqVjFIbkdLeWJSeW5YQUo4WXROMFhZOWR4b3hpMHVvNW5scEhQR0t5VFNrL2FnYWNZdE5JS2NCZFJCaGkwMXcwblY1RW1HS3lHblVsWGtZWVl0TmMyMVpkZzN4aTAxWHRqbDhCUkdLeWFicXZXWU9JWXRNVjhuWlpRMXhpc2tkaEQxMkZ1R0xUY3hGUldNQVVZcklDTk05cmgvQmkwenpOL2w0RWFHS3lGVmk0V0lFZ1l0TE9sZHR0eDhSaTB6cmRRbDJCbkdLeWQ5V0lYRUJ3WXJKSHRMZGR4K0E9PQgABgAAAAAIAAcAAAABDAAICgABGLSyVmuWgXEAAAA
19,"{'type': 'tweet', 'tweet_id': '1780252873504231887', 'screen_name': 'BTC_for_Freedom', 'bookmarks': 11, 'favorites': 258, 'created_at': 'Tue Apr 16 15:12:15 +0000 2024', 'text': 'Printing money is like peeing your pants to keep warm. The Fed was peeing hard in 2020. Now that the old pee is freezing they need to start peeing again to melt it. Pee on pee. At one point the new pee will not be able to melt the old. At that point we get hyperinflation. https://t.co/LTt4R7nVv4', 'lang': 'en', 'quotes': 2, 'replies': 42, 'retweets': 38, 'views': '9430', 'entities': {'media': [{'display_url': 'pic.twitter.com/LTt4R7nVv4', 'expanded_url': 'https://twitter.com/BTC_for_Freedom/status/1780252873504231887/photo/1', 'id_str': '1780252867502198784', 'indices': [273, 296], 'media_key': '3_1780252867502198784', 'media_url_https': 'https://pbs.twimg.com/media/GLS6jQHW0AA4Jq0.jpg', 'type': 'photo', 'url': 'https://t.co/LTt4R7nVv4', 'ext_media_availability': {'status': 'Available'}, 'features': {'large': {'faces': []}, 'medium': {'faces': []}, 'small': {'faces': []}, 'orig': {'faces': []}}, 'sizes': {'large': {'h': 640, 'w': 960, 'resize': 'fit'}, 'medium': {'h': 640, 'w': 960, 'resize': 'fit'}, 'small': {'h': 453, 'w': 680, 'resize': 'fit'}, 'thumb': {'h': 150, 'w': 150, 'resize': 'crop'}}, 'original_info': {'height': 640, 'width': 960, 'focus_rects': [{'x': 0, 'y': 0, 'w': 960, 'h': 538}, {'x': 160, 'y': 0, 'w': 640, 'h': 640}, {'x': 200, 'y': 0, 'w': 561, 'h': 640}, {'x': 320, 'y': 0, 'w': 320, 'h': 640}, {'x': 0, 'y': 0, 'w': 960, 'h': 640}]}}], 'user_mentions': [], 'urls': [], 'hashtags': [], 'symbols': []}, 'user_info': {'screen_name': 'BTC_for_Freedom', 'name': 'Bitcoin for Freedom', 'rest_id': '1390199742114770947', 'followers_count': 61446, 'favourites_count': 51809, 'avatar': 'https://pbs.twimg.com/profile_images/1560605045015674880/lS3ha1Wt_normal.jpg', 'verified': False, 'friends_count': 757}, 'media': {'photo': [{'media_url_https': 'https://pbs.twimg.com/media/GLS6jQHW0AA4Jq0.jpg', 'id': '1780252867502198784'}]}}",DAACCgACGKygYwgAJxAKAAMYrKBjB_-x4AgABAAAAAILAAUAAAGoRW1QQzZ3QUFBZlEvZ0dKTjB2R3AvQUFBQUNVWXRObk9LVmNnc1Jpc25MN1BsNUdKR0t4U2IzTVhvTGdZdE5nUzNkWXc3aGkwM1JNTEZsRGZHTFMrS2VPV1Fia1lySWk2Zk5hQlJoaXNsK3JQVjRESkdLeWUra2tYSU1RWXRObVFtVmVBaXhpMHNsWnJsb0Z4R0t4SDV1b1dJTDBZcko0UHA5YWh6Qmlza0lycGxzRTZHTFRaNDdmWDBXa1l0TXRaSVJkUlh4aTB6UUZqVjFIbkdLeWJSeW5YQUo4WXROMFhZOWR4b3hpMHVvNW5scEhQR0t5VFNrL2FnYWNZdE5JS2NCZFJCaGkwMXcwblY1RW1HS3lHblVsWGtZWVl0TmMyMVpkZzN4aTAxWHRqbDhCUkdLeWFicXZXWU9JWXRNVjhuWlpRMXhpc2tkaEQxMkZ1R0xUY3hGUldNQVVZcklDTk05cmgvQmkwenpOL2w0RWFHS3lGVmk0V0lFZ1l0TE9sZHR0eDhSaTB6cmRRbDJCbkdLeWQ5V0lYRUJ3WXJKSHRMZGR4K0E9PQgABgAAAAAIAAcAAAABDAAICgABGLSyVmuWgXEAAAA
